{"TFm6Hxhj0kg8s2pedWCY6w==":"whatsapp%20image%202024-04-08%20at%2015.22.37%20(1)-96x29.jpg","llnKS6M+aoepqWaPlEQX5g==":"whatsapp%20image%202024-04-08%20at%2015.22.37%20(1)-752x231.jpg","A/2PKsFbdDTZuEeie0zYzA==":"1kv_lavaeseca_aspirador_1440x344-1366x326.jpg","+9wSw+UoxprtxQ+VH1FCyw==":"logo%20sp%20services-500x205.png","CUePDI45wt6iCHDoOzMAjA==":"1-202x259.png","eQ2jn/6ImZHhWxBBrRwsUw==":"2-191x244.png","4npoNiaPp8Ax8qocRLTGAA==":"4-190x261.png","hp0anhyD7tbHXPMIGqnOnw==":"lava-e-seca-601x543.png","UGdcjpj5kagq7ZuGTOB9+A==":"tete-914x383.png","wVzjVTv1Jk7eOn+ckihZWA==":"testee-418x602.png","+zSlQE5bNLYV11BZpJLBGw==":"1teste-380x233.png","D+CGb8cldvSumixX48Ch4g==":"background1.jpg","wrZ6btl0jBr5bKdC/wuWTQ==":"selo-garantia-324x243.png","aLlbhY0ezbv+WGf2GiRqTA==":"11-sa365-smg-wd11a-20220210jpg_20220309101631-e1651152636785-1000x667.jpg","qe8V9NtVAdnDT3EGmTakaA==":"logo-sp-services-321x147.png","yXBtetFwRizS9Z3ir7OFEQ==":"lg-img12-395x602.png"}